n_neighbor,min_dist,B,C,COO,CS,GR,GW,GWB,GWH,H,HC,HTC,HW,SQ,TRILL,WHINE
,,"         -1         4        8         9          15       16
0  44.680851  4.255319  2.12766  4.255319  42.553191  2.12766","         -1         9          16
0  79.310345  6.896552  13.793103","         -1         8         9         13         14         15        16
0  62.616822  0.934579  0.934579  3.738318  13.084112  17.757009  0.934579","         -1         1         4          8          9         16
0  47.979798  0.252525  0.757576  25.505051  24.747475  0.757576","    -1     15
0  50.0  50.0","         -1         3         4   ...         15        16        17
0  52.254098  0.204918  2.254098  ...  21.106557  8.401639  3.893443

[1 rows x 12 columns]","         -1         13        14         15        16
0  41.904762  0.952381  7.619048  48.571429  0.952381","         -1         4         8   ...         15        16        17
0  53.684211  3.157895  2.105263  ...  18.947368  5.263158  2.105263

[1 rows x 9 columns]","         -1         4         8         9         15        16        17
0  74.796748  7.317073  4.065041  4.065041  8.130081  0.813008  0.813008","         -1         4        6        7          8        9         15       16
0  72.340426  3.191489  2.12766  1.06383  10.638298  1.06383  8.510638  1.06383","         -1         0         1   ...        15        16       17
0  62.757045  6.372176  3.351104  ...  2.132521  2.132521  0.88855

[1 rows x 19 columns]","         -1         0         8   ...        14        15        16
0  82.608696  1.242236  1.242236  ...  7.453416  4.347826  1.863354

[1 rows x 8 columns]","      -1
0  100.0","          -1         9
0  92.307692  7.692308","         -1         4         8   ...        15        16        17
0  62.295082  3.278689  3.278689  ...  3.278689  6.557377  1.639344

[1 rows x 9 columns]"
,,"         -1         0         3   ...        26        27       28
0  34.042553  8.510638  6.382979  ...  8.510638  6.382979  2.12766

[1 rows x 12 columns]","        -1         16         19        25         27        28
0  58.62069  6.896552  10.344828  3.448276  17.241379  3.448276","         -1         0         1   ...        26        27        28
0  57.943925  6.542056  0.934579  ...  1.869159  0.934579  0.934579

[1 rows x 15 columns]","         -1         0         1   ...         18         19        27
0  30.050505  1.010101  0.505051  ...  26.262626  32.070707  1.010101

[1 rows x 12 columns]","    -1     25
0  50.0  50.0","         -1         0         1   ...        26        27        28
0  43.852459  4.508197  2.459016  ...  6.557377  5.532787  4.713115

[1 rows x 21 columns]","         -1         0         3   ...        26        27        28
0  36.190476  1.904762  1.904762  ...  8.571429  1.904762  0.952381

[1 rows x 10 columns]","    -1         0         3         5   ...        25        26        27        28
0  40.0  2.105263  3.157895  3.157895  ...  8.421053  8.421053  3.157895  4.210526

[1 rows x 15 columns]","         -1          1         3   ...        26        27        28
0  55.284553  19.512195  4.065041  ...  4.065041  0.813008  2.439024

[1 rows x 12 columns]","         -1        0          1   ...        25        26       27
0  30.851064  1.06383  35.106383  ...  3.191489  4.255319  1.06383

[1 rows x 16 columns]","         -1         0         1   ...        26        27        28
0  49.454176  1.726326  0.380807  ...  0.203097  0.685453  1.015486

[1 rows x 30 columns]","         -1         0         1   ...        22        24        25
0  50.310559  1.242236  0.621118  ...  0.621118  5.590062  3.726708

[1 rows x 14 columns]","      -1
0  100.0","      -1
0  100.0","         -1         0         3   ...         23        27        28
0  55.737705  9.836066  6.557377  ...  16.393443  3.278689  3.278689

[1 rows x 8 columns]"
,,"         -1         0          1   ...         18         19        22
0  38.297872  6.382979  12.765957  ...  12.765957  10.638298  8.510638

[1 rows x 10 columns]","         -1         5         8          22
0  72.413793  6.896552  3.448276  17.241379","         -1         0         1   ...        19        20        22
0  57.009346  5.607477  4.672897  ...  4.672897  4.672897  0.934579

[1 rows x 12 columns]","         -1         0         1   ...         8         21        22
0  25.757576  3.535354  1.515152  ...  28.787879  0.252525  1.262626

[1 rows x 9 columns]","     18    19
0  50.0  50.0","         -1         0         1   ...        20        21        22
0  52.254098  5.737705  3.893443  ...  1.229508  3.893443  4.508197

[1 rows x 17 columns]","         -1         0         3   ...         19        20        22
0  56.190476  0.952381  0.952381  ...  19.047619  0.952381  1.904762

[1 rows x 8 columns]","         -1         0         1   ...        20        21        22
0  49.473684  4.210526  1.052632  ...  6.315789  4.210526  4.210526

[1 rows x 13 columns]","         -1          0         3   ...        19        21        22
0  57.723577  12.195122  4.878049  ...  0.813008  0.813008  1.626016

[1 rows x 10 columns]","         -1        0         1        3   ...       16        18       19       22
0  58.510638  2.12766  9.574468  1.06383  ...  1.06383  8.510638  2.12766  1.06383

[1 rows x 14 columns]","         -1         0         1   ...        20        21        22
0  40.568672  2.716425  1.599391  ...  1.700939  1.091648  1.980198

[1 rows x 24 columns]","         -1         0         1   ...        18        19        21
0  67.080745  1.242236  0.621118  ...  1.242236  1.242236  0.621118

[1 rows x 12 columns]","      -1
0  100.0","          -1          0
0  84.615385  15.384615","         -1         0         1   ...         20        21        22
0  60.655738  3.278689  3.278689  ...  19.672131  1.639344  1.639344

[1 rows x 10 columns]"
,,"         -1         0         1   ...       13         14        15
0  42.553191  6.382979  8.510638  ...  2.12766  27.659574  4.255319

[1 rows x 8 columns]","         -1         1          11         13
0  55.172414  3.448276  31.034483  10.344828","         -1         0         1         11        13        14         15
0  73.831776  0.934579  0.934579  2.803738  1.869159  8.411215  11.214953","         -1         0         1   ...        11        12         13
0  49.747475  0.757576  2.272727  ...  3.030303  9.343434  34.090909

[1 rows x 9 columns]","     14    15
0  50.0  50.0","        -1        0         1   ...        13         14         15
0  48.97541  3.07377  4.098361  ...  5.737705  10.245902  10.655738

[1 rows x 14 columns]","         -1         1         11         14        15
0  55.238095  0.952381  1.904762  31.428571  10.47619","         -1         1         7   ...        13        14         15
0  56.842105  4.210526  1.052632  ...  5.263158  7.368421  14.736842

[1 rows x 8 columns]","         -1         0          1   ...        13        14        15
0  72.357724  1.626016  12.195122  ...  2.439024  1.626016  4.065041

[1 rows x 9 columns]","        -1          0         1   ...       13        14        15
0  52.12766  22.340426  3.191489  ...  2.12766  3.191489  5.319149

[1 rows x 10 columns]","         -1         0         1   ...        13        14        15
0  57.298807  0.380807  1.370906  ...  2.259457  1.320132  3.224169

[1 rows x 17 columns]","         -1         0         1   ...        13        14       15
0  88.198758  0.621118  0.621118  ...  0.621118  2.484472  3.10559

[1 rows x 8 columns]","      11
0  100.0","         -1         13
0  92.307692  7.692308","         -1         0         1          11        13         15
0  52.459016  3.278689  3.278689  13.114754  8.196721  19.672131"
,,"          -1        0          1        3         6          7         9
0  61.702128  2.12766  10.638298  2.12766  4.255319  14.893617  4.255319","         -1         1          6         7          9
0  58.62069  6.896552  17.241379  3.448276  13.793103","         -1         1         6         7         8
0  84.11215  1.869159  1.869159  5.607477  6.542056","          -1         0         1         4          6         9
0  46.969697  1.262626  2.525253  0.505051  47.727273  1.010101","      7     8
0  50.0  50.0","          -1         0         1  ...         7          8         9
0  61.680328  1.639344  4.508197  ...  6.147541  15.368852  3.688525

[1 rows x 11 columns]","          -1         1          7        8
0  66.666667  1.904762  21.904762  9.52381","          -1         0         1         6         7          8         9
0  67.368421  2.105263  3.157895  3.157895  4.210526  16.842105  3.157895","          -1         1         6         7         8         9
0  74.796748  9.756098  4.878049  1.626016  7.317073  1.626016","          -1        0         1        4        5        6        7         8
0  82.978723  1.06383  4.255319  1.06383  2.12766  1.06383  2.12766  5.319149","          -1         0         1  ...        7         8         9
0  62.934755  1.421681  1.726326  ...  0.71084  3.706524  0.863163

[1 rows x 11 columns]","         -1         0         1  ...         7         8         9
0  90.68323  1.242236  0.621118  ...  1.863354  1.242236  0.621118

[1 rows x 10 columns]","      -1
0  100.0","          -1         0
0  92.307692  7.692308","          -1         1         6         8         9
0  83.606557  3.278689  1.639344  9.836066  1.639344"
,,"          -1        0          2
0  87.234043  2.12766  10.638298","         -1         1          2
0  58.62069  3.448276  37.931034","          -1         1          2
0  88.785047  0.934579  10.280374","          -1         0          1         2
0  60.606061  0.252525  36.616162  2.525253","      -1
0  100.0","          -1         0         1          2
0  71.516393  1.229508  4.098361  23.155738","          -1          2
0  83.809524  16.190476","     -1         1          2
0  80.0  3.157895  16.842105","          -1         0         1          2
0  85.365854  0.813008  3.252033  10.569106","          -1        0        1         2
0  92.553191  1.06383  1.06383  5.319149","          -1         0         1         2
0  84.133029  6.448337  2.361005  7.057629","          -1         2
0  94.409938  5.590062","       2
0  100.0","      -1
0  100.0","         -1         1          2
0  77.04918  3.278689  19.672131"
,,"         -1        0         1   ...         13        14        15
0  27.659574  2.12766  8.510638  ...  29.787234  8.510638  4.255319

[1 rows x 11 columns]","         -1          3          4         15
0  55.172414  27.586207  10.344828  6.896552","         -1         0         1   ...         12        13        14
0  55.140187  1.869159  4.672897  ...  18.691589  8.411215  3.738318

[1 rows x 10 columns]","        -1         0         1   ...        8         11        15
0  8.585859  1.262626  1.262626  ...  0.252525  0.252525  0.252525

[1 rows x 9 columns]","     13    14
0  50.0  50.0","         -1         0         1   ...         13        14        15
0  45.901639  2.459016  3.483607  ...  12.295082  5.942623  9.016393

[1 rows x 15 columns]","         -1         0         1         2         12         13        14
0  38.095238  0.952381  2.857143  0.952381  7.619048  40.952381  8.571429","         -1         0         1   ...         13        14        15
0  48.421053  2.105263  2.105263  ...  10.526316  8.421053  7.368421

[1 rows x 11 columns]","         -1          2         3         4         13        14        15
0  68.292683  12.195122  4.878049  7.317073  0.813008  4.878049  1.626016","         -1        0        1         2   ...        10       11       13        14
0  64.893617  1.06383  1.06383  3.191489  ...  3.191489  1.06383  1.06383  4.255319

[1 rows x 10 columns]","         -1         0         1   ...        13        14        15
0  42.599645  1.954811  1.117035  ...  1.523229  0.685453  1.726326

[1 rows x 17 columns]","         -1         0         1   ...        13        14        15
0  77.639752  1.242236  1.242236  ...  3.726708  1.242236  0.621118

[1 rows x 13 columns]","      -1
0  100.0","           0         3
0  92.307692  7.692308","         -1         0         1   ...        4         14        15
0  72.131148  8.196721  1.639344  ...  1.639344  1.639344  8.196721

[1 rows x 8 columns]"
,,"         -1         0         2   ...        14        17         18
0  46.808511  8.510638  6.382979  ...  4.255319  6.382979  19.148936

[1 rows x 10 columns]","         -1         8         9          14        15
0  68.965517  6.896552  6.896552  13.793103  3.448276","         -1         0         2   ...        16        17        18
0  63.551402  2.803738  1.869159  ...  16.82243  3.738318  5.607477

[1 rows x 10 columns]","         -1         0         2   ...        13        14        15
0  35.858586  1.262626  0.505051  ...  0.252525  0.757576  0.252525

[1 rows x 9 columns]","     17    18
0  50.0  50.0","    -1        0         1         2   ...        15        16        17       18
0  50.0  3.07377  0.409836  2.459016  ...  8.811475  1.229508  4.713115  9.42623

[1 rows x 16 columns]","         -1         0         2         16        17        18
0  53.333333  2.857143  0.952381  7.619048  4.761905  30.47619","         -1         0         1   ...         16        17         18
0  38.947368  3.157895  3.157895  ...  11.578947  7.368421  10.526316

[1 rows x 12 columns]","         -1         1          2   ...        15        17        18
0  63.414634  5.691057  12.195122  ...  0.813008  5.691057  0.813008

[1 rows x 11 columns]","         -1         0        1        2   ...        12       13        17        18
0  58.510638  7.446809  1.06383  2.12766  ...  3.191489  2.12766  6.382979  3.191489

[1 rows x 12 columns]","        -1         0         1   ...        16        17        18
0  41.83803  1.523229  2.208682  ...  0.304646  0.279259  0.990099

[1 rows x 20 columns]","         -1         0         1   ...        14        16        18
0  83.229814  1.242236  1.242236  ...  0.621118  6.832298  1.863354

[1 rows x 11 columns]","      -1
0  100.0","           0          9
0  84.615385  15.384615","         -1         0         8   ...        15        16        17
0  75.409836  4.918033  1.639344  ...  4.918033  1.639344  3.278689

[1 rows x 8 columns]"
,,"        -1        0         1   ...         12        14        15
0  51.06383  2.12766  8.510638  ...  17.021277  4.255319  4.255319

[1 rows x 10 columns]","         -1         10        11         15
0  72.413793  3.448276  6.896552  17.241379","        -1         1         2   ...         13        14        15
0  66.35514  4.672897  1.869159  ...  14.953271  4.672897  0.934579

[1 rows x 9 columns]","         -1         0         1   ...         10         11        15
0  33.333333  1.010101  1.262626  ...  21.464646  39.141414  1.262626

[1 rows x 9 columns]","     12    14
0  50.0  50.0","        -1         0         1   ...        13        14         15
0  52.04918  1.844262  3.688525  ...  1.434426  6.352459  13.114754

[1 rows x 15 columns]","         -1         0         1   ...        13        14        15
0  53.333333  0.952381  2.857143  ...  7.619048  5.714286  1.904762

[1 rows x 8 columns]","         -1         0         1   ...        13        14         15
0  55.789474  1.052632  2.105263  ...  8.421053  7.368421  10.526316

[1 rows x 10 columns]","         -1          2         8   ...        12        14        15
0  73.170732  12.195122  0.813008  ...  0.813008  5.691057  2.439024

[1 rows x 8 columns]","         -1        1         2         8   ...       11       12        14       15
0  69.148936  1.06383  3.191489  3.191489  ...  2.12766  1.06383  7.446809  2.12766

[1 rows x 10 columns]","         -1         0         1   ...        13        14        15
0  39.451637  1.091648  1.117035  ...  0.304646  0.507743  4.798172

[1 rows x 17 columns]","         -1         0         1   ...        13        14        15
0  79.503106  1.242236  0.621118  ...  7.453416  1.242236  2.484472

[1 rows x 12 columns]","      -1
0  100.0","          -1         0
0  92.307692  7.692308","         -1         0         1   ...        13        14         15
0  70.491803  4.918033  1.639344  ...  1.639344  1.639344  13.114754

[1 rows x 8 columns]"
,,"         -1        0         1   ...        12         14        15
0  61.702128  2.12766  4.255319  ...  4.255319  14.893617  6.382979

[1 rows x 9 columns]","         -1          12        13
0  82.758621  13.793103  3.448276","         -1         0         2         10        11        14        15
0  89.719626  0.934579  0.934579  0.934579  0.934579  2.803738  3.738318","         -1         0         1   ...         10         11        12
0  38.131313  0.252525  0.505051  ...  42.676768  17.676768  0.252525

[1 rows x 8 columns]","    -1     14
0  50.0  50.0","         -1         1         2   ...        13        14        15
0  64.754098  1.844262  0.204918  ...  5.942623  9.631148  4.303279

[1 rows x 13 columns]","        -1          14        15
0  70.47619  26.666667  2.857143","         -1         0         1   ...        13        14        15
0  68.421053  3.157895  3.157895  ...  3.157895  8.421053  8.421053

[1 rows x 8 columns]","         -1         0          1   ...        13        14        15
0  70.731707  1.626016  12.195122  ...  1.626016  0.813008  4.065041

[1 rows x 11 columns]","         -1         1        8        9        10        11       14        15
0  81.914894  4.255319  2.12766  1.06383  2.12766  3.191489  1.06383  4.255319","         -1         0         1   ...        13        14        15
0  57.857324  0.076161  0.660066  ...  1.751714  0.812389  0.330033

[1 rows x 17 columns]","         -1          0         2   ...        12        14        15
0  58.385093  34.782609  1.863354  ...  0.621118  0.621118  1.242236

[1 rows x 9 columns]","      -1
0  100.0","         -1         10
0  92.307692  7.692308","         -1         10        11        13        15
0  86.885246  3.278689  1.639344  6.557377  1.639344"
,,"         -1         0        1        3   ...       7         8         9         10
0  70.212766  6.382979  2.12766  2.12766  ...  2.12766  4.255319  4.255319  6.382979

[1 rows x 9 columns]","          -1          8
0  82.758621  17.241379","         -1         0         1         3         9         10
0  89.719626  1.869159  0.934579  1.869159  2.803738  2.803738","         -1         0          3         5         6          7         8
0  44.69697  1.262626  41.161616  0.252525  0.505051  11.111111  1.010101","     9     10
0  50.0  50.0","         -1         0         1   ...         8         9         10
0  64.754098  2.868852  0.409836  ...  12.704918  7.786885  5.122951

[1 rows x 11 columns]","         -1         0         9          10
0  72.380952  0.952381  8.571429  18.095238","         -1         0         3         7         8         9         10
0  68.421053  4.210526  3.157895  1.052632  9.473684  8.421053  5.263158","         -1         0         3  ...         7         8         9
0  78.04878  6.504065  4.878049  ...  0.813008  2.439024  5.691057

[1 rows x 8 columns]","         -1         0        3        6        7         9        10
0  86.170213  3.191489  1.06383  1.06383  2.12766  5.319149  1.06383","         -1         0         1   ...        8         9         10
0  66.412795  0.837776  6.194466  ...  3.757299  1.802488  0.558517

[1 rows x 12 columns]","         -1         1         8         10
0  95.652174  1.242236  0.621118  2.484472","      -1
0  100.0","      -1
0  100.0","          -1         3         7         8         9
0  81.967213  3.278689  1.639344  11.47541  1.639344"
,,"          -1         0        2         3
0  89.361702  4.255319  2.12766  4.255319","          -1          3
0  86.206897  13.793103","          -1         0         2
0  94.392523  4.672897  0.934579","          -1          2         3
0  68.939394  30.555556  0.505051","      -1
0  100.0","          -1         0         1         2         3
0  86.680328  3.688525  0.819672  2.459016  6.352459","         -1         0         3
0  90.47619  8.571429  0.952381","          -1         0         2         3
0  84.210526  4.210526  3.157895  8.421053","          -1         0         2         3
0  92.682927  3.252033  1.626016  2.439024","          -1        0        1        2
0  95.744681  2.12766  1.06383  1.06383","          -1         0         1         2        3
0  89.083524  0.761615  5.686723  1.523229  2.94491","          -1         0         2         3
0  96.273292  2.484472  0.621118  0.621118","      -1
0  100.0","          -1         2
0  92.307692  7.692308","          -1         2         3
0  90.163934  1.639344  8.196721"
,,"         -1         0        1         3        4        7        12         13
0  53.191489  6.382979  2.12766  6.382979  2.12766  2.12766  2.12766  25.531915","          -1          3          4
0  72.413793  17.241379  10.344828","         -1         0         1         3         4         12         13
0  72.897196  1.869159  0.934579  1.869159  0.934579  2.803738  18.691589","          -1         0          3          4         7         8
0  14.393939  2.020202  52.272727  30.808081  0.252525  0.252525","     12    13
0  50.0  50.0","         -1         0         1   ...        11        12        13
0  56.762295  4.303279  0.204918  ...  7.786885  6.762295  9.836066

[1 rows x 13 columns]","    -1         0         12         13
0  60.0  0.952381  6.666667  32.380952","    -1         0         3         4         11        12         13
0  60.0  4.210526  4.210526  2.105263  8.421053  7.368421  13.684211","         -1          0         3         4         6         12        13
0  69.105691  12.195122  4.878049  8.130081  0.813008  4.065041  0.813008","         -1         0         3   ...        9         12       13
0  68.085106  3.191489  5.319149  ...  3.191489  4.255319  2.12766

[1 rows x 8 columns]","         -1         0          1   ...        11        12        13
0  46.280782  1.421681  11.094186  ...  2.208682  1.117035  1.142422

[1 rows x 15 columns]","         -1         0         1   ...        11        12       13
0  85.714286  0.621118  1.242236  ...  0.621118  1.242236  9.31677

[1 rows x 8 columns]","      -1
0  100.0","          -1         3
0  92.307692  7.692308","         -1         0         3         4         11        13
0  86.885246  3.278689  4.918033  1.639344  1.639344  1.639344"
,,"        -1         0        1        2   ...       10         11        12        13
0  51.06383  8.510638  2.12766  2.12766  ...  2.12766  21.276596  4.255319  6.382979

[1 rows x 9 columns]","         -1         1          2          12
0  72.413793  3.448276  10.344828  13.793103","         -1         0         2         4          11        13
0  51.401869  5.607477  1.869159  0.934579  35.514019  4.672897","         -1         0          1          2         8         10        12
0  23.232323  2.272727  27.777778  45.959596  0.252525  0.252525  0.252525","     11    13
0  50.0  50.0","         -1         0         1   ...        12        13        14
0  49.590164  4.713115  3.688525  ...  3.278689  7.991803  8.196721

[1 rows x 13 columns]","         -1         0          11       13
0  37.142857  0.952381  52.380952  9.52381","         -1         0         1   ...        12        13        14
0  48.421053  4.210526  2.105263  ...  1.052632  9.473684  6.315789

[1 rows x 9 columns]","         -1          0         1   ...        12        13        14
0  65.853659  12.195122  4.878049  ...  0.813008  5.691057  0.813008

[1 rows x 10 columns]","         -1         0          1        2         9        11        13
0  76.595745  3.191489  10.638298  1.06383  3.191489  2.12766  3.191489","         -1         0         1   ...        12        13        14
0  48.235593  1.599391  0.939325  ...  0.990099  1.167809  2.056359

[1 rows x 16 columns]","         -1         0         1   ...        12        13        14
0  78.881988  0.621118  0.621118  ...  0.621118  1.242236  0.621118

[1 rows x 10 columns]","      -1
0  100.0","      -1
0  100.0","         -1         0         1         2         11        13        14
0  81.967213  3.278689  1.639344  3.278689  1.639344  1.639344  6.557377"
,,"         -1         0        1   ...       10        13         14
0  59.574468  4.255319  2.12766  ...  2.12766  4.255319  17.021277

[1 rows x 9 columns]","         -1         6          7          12        14
0  62.068966  6.896552  13.793103  13.793103  3.448276","         -1         2         7         13         14
0  69.158879  0.934579  1.869159  1.869159  26.168224","         -1         0         1          6          7         9         10
0  25.252525  0.505051  0.252525  27.525253  45.959596  0.252525  0.252525","     13    14
0  50.0  50.0","         -1        0         1   ...         12        13        14
0  60.245902  2.04918  0.204918  ...  11.270492  5.122951  10.45082

[1 rows x 12 columns]","         -1         12        13         14
0  57.142857  2.857143  4.761905  35.238095","         -1         0         1   ...        12        13         14
0  55.789474  3.157895  3.157895  ...  9.473684  6.315789  16.842105

[1 rows x 8 columns]","         -1          0         1   ...        12        13        14
0  65.853659  12.195122  2.439024  ...  1.626016  5.691057  0.813008

[1 rows x 10 columns]","         -1         0        1         6        7        11        13       14
0  78.723404  3.191489  1.06383  9.574468  2.12766  1.06383  3.191489  1.06383","         -1         0         1   ...       12        13        14
0  50.266565  0.736227  1.472455  ...  4.01117  0.456969  1.320132

[1 rows x 16 columns]","         -1         1         2         6         9          14
0  76.397516  8.074534  1.242236  0.621118  0.621118  13.043478","      -1
0  100.0","          -1         7
0  92.307692  7.692308","         -1         6         7         12        13        14
0  86.885246  1.639344  3.278689  4.918033  1.639344  1.639344"
,,"         -1         0        1        7        8        9          12        13
0  59.574468  4.255319  2.12766  2.12766  2.12766  2.12766  21.276596  6.382979","         -1         8         12
0  89.655172  6.896552  3.448276","         -1         1         8         11        12        13
0  75.700935  0.934579  1.869159  16.82243  2.803738  1.869159","     -1         0         5         7          8          9
0  50.0  1.010101  0.252525  0.252525  28.030303  20.454545","    -1     12
0  50.0  50.0","         -1         0         1   ...       11        12        13
0  69.057377  1.844262  0.409836  ...  1.02459  9.631148  3.278689

[1 rows x 11 columns]","         -1         0         11        12        13
0  58.095238  0.952381  6.666667  30.47619  3.809524","         -1         0         8   ...         11        12        13
0  58.947368  2.105263  4.210526  ...  11.578947  9.473684  4.210526

[1 rows x 8 columns]","         -1          0         4         8         9         10        13
0  74.796748  12.195122  0.813008  1.626016  4.065041  0.813008  5.691057","         -1         0         8         9        10        12        13
0  75.531915  3.191489  4.255319  8.510638  1.06383  3.191489  4.255319","         -1        0         1   ...        11        12        13
0  65.371922  0.71084  7.895405  ...  0.304646  0.939325  0.330033

[1 rows x 15 columns]","        -1         1         5   ...        11        12        13
0  84.47205  1.242236  0.621118  ...  5.590062  2.484472  1.863354

[1 rows x 10 columns]","      -1
0  100.0","          -1         8
0  92.307692  7.692308","         -1         8         10        13
0  93.442623  1.639344  1.639344  3.278689"
,,"          -1         0         3        5          7
0  74.468085  4.255319  4.255319  2.12766  14.893617","          -1          3
0  75.862069  24.137931","          -1         1         3         7         9
0  88.785047  0.934579  3.738318  4.672897  1.869159","          -1         0          3         4         5
0  25.505051  1.010101  72.979798  0.252525  0.252525","     -1     7
0  50.0  50.0","          -1         0         1  ...         7         8         9
0  72.131148  2.663934  0.204918  ...  7.581967  2.868852  4.508197

[1 rows x 9 columns]","          -1         0          7         9
0  71.428571  0.952381  20.952381  6.666667","          -1         0         3         7         8         9
0  76.842105  3.157895  4.210526  6.315789  4.210526  5.263158","          -1          0         3         7         9
0  73.170732  15.447154  8.943089  0.813008  1.626016","          -1         0          3        5        7
0  82.978723  3.191489  11.702128  1.06383  1.06383","          -1         0         1  ...         7         8         9
0  74.079716  0.660066  5.204367  ...  0.761615  1.320132  0.456969

[1 rows x 11 columns]","          -1         1         3         4         7         8         9
0  93.167702  1.242236  0.621118  0.621118  1.863354  0.621118  1.863354","      -1
0  100.0","          -1         3
0  92.307692  7.692308","          -1         0         3         8
0  93.442623  1.639344  3.278689  1.639344"
,,"         -1        0
0  97.87234  2.12766","          -1          1
0  86.206897  13.793103","          -1         0         1
0  97.196262  1.869159  0.934579","          -1          0         1
0  53.535354  45.707071  0.757576","      -1
0  100.0","          -1         0         1         2
0  87.909836  5.327869  6.352459  0.409836","          -1         1
0  99.047619  0.952381","          -1         0         1
0  88.421053  4.210526  7.368421","          -1         0         1
0  95.121951  2.439024  2.439024","         -1        0
0  97.87234  2.12766","          -1         0        1         2
0  90.530592  2.716425  3.47804  3.274943","          -1        1         2
0  90.062112  9.31677  0.621118","      -1
0  100.0","      -1
0  100.0","          -1         0         1
0  91.803279  3.278689  4.918033"
,,"        -1         0        3        5        9         12        14         15
0  51.06383  6.382979  2.12766  2.12766  2.12766  4.255319  8.510638  23.404255","         -1         5          6          12
0  65.517241  6.896552  13.793103  13.793103","         -1         0         3         5         14        15
0  72.897196  1.869159  0.934579  1.869159  5.607477  16.82243","         -1         0          5          6         9         10        12
0  48.232323  1.515152  22.474747  26.767677  0.252525  0.252525  0.505051","     14    15
0  50.0  50.0","         -1         0         3   ...        13        14         15
0  62.295082  3.278689  0.204918  ...  5.942623  5.737705  11.680328

[1 rows x 12 columns]","         -1         0         14         15
0  53.333333  0.952381  6.666667  39.047619","         -1         0         5   ...        13        14         15
0  57.894737  4.210526  2.105263  ...  6.315789  9.473684  15.789474

[1 rows x 8 columns]","         -1          0         5   ...        13        14        15
0  69.918699  12.195122  4.065041  ...  1.626016  4.878049  0.813008

[1 rows x 9 columns]","         -1         0          6        7        9         14       15
0  77.659574  3.191489  10.638298  2.12766  1.06383  3.191489  2.12766","         -1         0         1   ...        13        14        15
0  54.531607  1.040873  4.645849  ...  1.523229  0.787002  1.345519

[1 rows x 17 columns]","         -1         4         6         10        12        14       15
0  88.198758  1.242236  0.621118  0.621118  0.621118  2.484472  6.21118","      -1
0  100.0","          -1         5
0  92.307692  7.692308","        -1         5         12        13        14
0  88.52459  1.639344  4.918033  3.278689  1.639344"
,,"        -1         0        3        5         9        11        13         14
0  51.06383  6.382979  2.12766  2.12766  6.382979  2.12766  8.510638  21.276596","         -1         2         3          9         14
0  72.413793  6.896552  3.448276  13.793103  3.448276","         -1         0         2         5          13        14
0  65.420561  3.738318  2.803738  0.934579  10.280374  16.82243","         -1         0          2          3         7         9         11
0  25.505051  2.777778  47.474747  23.232323  0.252525  0.505051  0.252525","     13    14
0  50.0  50.0","         -1         0         2   ...        12        13         14
0  57.786885  5.122951  4.508197  ...  5.327869  7.377049  11.885246

[1 rows x 12 columns]","        -1         0        13    14
0  49.52381  0.952381  9.52381  40.0","         -1         0         2   ...        12        13         14
0  52.631579  4.210526  3.157895  ...  7.368421  9.473684  18.947368

[1 rows x 8 columns]","         -1          0         2   ...        12        13        14
0  68.292683  12.195122  4.878049  ...  1.626016  7.317073  0.813008

[1 rows x 8 columns]","         -1         0         2   ...       11        13       14
0  71.276596  3.191489  3.191489  ...  1.06383  7.446809  2.12766

[1 rows x 8 columns]","         -1         0         1   ...        12        13        14
0  51.282051  2.056359  4.366591  ...  1.827875  1.345519  1.345519

[1 rows x 16 columns]","         -1         0         2   ...        12        13        14
0  83.229814  0.621118  1.242236  ...  0.621118  2.484472  7.453416

[1 rows x 10 columns]","      -1
0  100.0","          -1         2
0  92.307692  7.692308","         -1         0         2         9         12        13
0  78.688525  3.278689  4.918033  6.557377  3.278689  3.278689"
,,"         -1        0         1        2   ...       8        11        14         15
0  57.446809  2.12766  6.382979  2.12766  ...  2.12766  2.12766  8.510638  17.021277

[1 rows x 9 columns]","          -1          2         3
0  82.758621  10.344828  6.896552","         -1         1         2         3         8         14        15
0  74.766355  1.869159  0.934579  2.803738  0.934579  9.345794  9.345794","         -1         0         1   ...        6         11        13
0  20.454545  1.515152  2.020202  ...  0.252525  0.252525  0.252525

[1 rows x 8 columns]","     14    15
0  50.0  50.0","         -1         0         1   ...        13        14        15
0  63.934426  1.639344  3.688525  ...  4.303279  6.762295  9.631148

[1 rows x 10 columns]","    -1         1         14         15
0  60.0  0.952381  7.619048  31.428571","         -1         0         1   ...        13        14         15
0  57.894737  2.105263  4.210526  ...  6.315789  9.473684  13.684211

[1 rows x 8 columns]","         -1          1         2         3         10        14
0  68.292683  12.195122  6.504065  4.878049  0.813008  7.317073","         -1        0         1          2        3        12        14       15
0  72.340426  1.06383  3.191489  10.638298  2.12766  1.06383  7.446809  2.12766","         -1         0         1   ...        13        14        15
0  56.080223  1.421681  1.421681  ...  1.548616  0.761615  1.193196

[1 rows x 17 columns]","         -1         0         1   ...        9         14        15
0  85.714286  1.242236  0.621118  ...  0.621118  4.347826  4.968944

[1 rows x 9 columns]","      -1
0  100.0","          -1         0         3
0  84.615385  7.692308  7.692308","         -1         1         2         3         14
0  90.163934  3.278689  1.639344  3.278689  1.639344"
,,"         -1         0        1        2        5        10        11         12
0  57.446809  4.255319  2.12766  2.12766  2.12766  2.12766  8.510638  21.276596","         -1          1         12
0  86.206897  10.344828  3.448276","         -1         1         2         5          11         12
0  74.766355  0.934579  2.803738  0.934579  10.280374  10.280374","        -1         0          1          2         7         10
0  19.69697  0.252525  29.040404  50.505051  0.252525  0.252525","     11    12
0  50.0  50.0","         -1         0         1   ...        10         11        12
0  66.803279  1.844262  4.098361  ...  0.409836  11.680328  10.45082

[1 rows x 9 columns]","         -1         0        11         12
0  60.952381  0.952381  9.52381  28.571429","         -1         0         1         2          11         12
0  64.210526  3.157895  2.105263  3.157895  15.789474  11.578947","         -1          0         1         2         8         11        12
0  67.479675  12.195122  7.317073  4.065041  0.813008  7.317073  0.813008","         -1         0          1         2         11       12
0  73.404255  3.191489  13.829787  3.191489  4.255319  2.12766","         -1         0         1   ...        10        11        12
0  63.594821  0.685453  1.345519  ...  3.909622  2.894136  1.269358

[1 rows x 14 columns]","         -1         1         2         5         7         11        12
0  86.335404  1.242236  0.621118  1.863354  0.621118  5.590062  3.726708","      -1
0  100.0","      -1
0  100.0","         -1         1         2         11
0  86.885246  1.639344  4.918033  6.557377"
,,"          -1         0        1        2        5          6        7         8
0  68.085106  4.255319  2.12766  2.12766  2.12766  14.893617  2.12766  4.255319","          -1         2
0  96.551724  3.448276","          -1         1         3         6         8
0  87.850467  0.934579  2.803738  2.803738  5.607477","          -1         0          2          3         4         5
0  32.828283  0.757576  18.939394  46.969697  0.252525  0.252525","      6     8
0  50.0  50.0","          -1        0         1  ...         6         7         8
0  76.639344  2.04918  0.204918  ...  8.196721  2.459016  3.278689

[1 rows x 9 columns]","         -1         0          6         8
0  70.47619  0.952381  20.952381  7.619048","          -1         0         2         3         6         7         8
0  78.947368  2.105263  1.052632  3.157895  5.263158  3.157895  6.315789","          -1          0         2  ...         6         7         8
0  69.918699  13.821138  4.065041  ...  2.439024  0.813008  4.065041

[1 rows x 8 columns]","          -1         0         2        3        5        6         8
0  84.042553  3.191489  6.382979  1.06383  1.06383  1.06383  3.191489","          -1         0         1  ...         6         7         8
0  75.679106  0.660066  4.112719  ...  0.990099  1.167809  0.736227

[1 rows x 10 columns]","          -1         1         2  ...         6         7         8
0  88.819876  1.242236  0.621118  ...  3.726708  0.621118  3.726708

[1 rows x 8 columns]","      -1
0  100.0","      -1
0  100.0","          -1         2         3         7         8
0  90.163934  1.639344  4.918033  1.639344  1.639344"
,,"          -1        0        2
0  95.744681  2.12766  2.12766","          -1          2
0  82.758621  17.241379","          -1         1
0  98.130841  1.869159","         -1         0          1         2         3
0  55.30303  0.252525  43.181818  1.010101  0.252525","      -1
0  100.0","          -1         0         1         2         3
0  91.803279  0.409836  3.688525  1.844262  2.254098","          -1         2         3
0  98.095238  0.952381  0.952381","          -1         1         2
0  93.684211  3.157895  3.157895","          -1         1         2         3
0  93.495935  2.439024  0.813008  3.252033","         -1        1
0  97.87234  2.12766","          -1         0         1         2         3
0  88.855039  6.702209  2.157908  0.964712  1.320132","          -1         0         1         2         3
0  95.031056  1.242236  0.621118  1.863354  1.242236","       2
0  100.0","      -1
0  100.0","          -1         3
0  98.360656  1.639344"
,,"         -1         0        1        2        5        10        12         13
0  55.319149  6.382979  2.12766  2.12766  2.12766  2.12766  8.510638  21.276596","          -1         1          2
0  79.310345  6.896552  13.793103","        -1         0         1         5         12        13
0  84.11215  1.869159  1.869159  0.934579  8.411215  2.803738","         -1         0          1          2         8         10
0  36.363636  2.020202  33.838384  27.272727  0.252525  0.252525","     12    13
0  50.0  50.0","         -1         0         1   ...        11        12        13
0  67.827869  3.688525  3.688525  ...  3.688525  7.581967  9.631148

[1 rows x 11 columns]","    -1         0        12        13
0  60.0  0.952381  9.52381  29.52381","         -1         0         1         2         11         12        13
0  64.210526  3.157895  3.157895  1.052632  5.263158  13.684211  9.473684","         -1         0         1         2         7          12        13
0  63.414634  13.00813  4.065041  1.626016  0.813008  16.260163  0.813008","         -1         0          2          12       13
0  61.702128  3.191489  12.765957  20.212766  2.12766","         -1         0         1   ...       11        12        13
0  65.219599  1.421681  2.640264  ...  1.06626  1.142422  1.091648

[1 rows x 15 columns]","         -1         0         1   ...        8         12        13
0  89.440994  0.621118  0.621118  ...  0.621118  3.726708  1.863354

[1 rows x 8 columns]","      -1
0  100.0","      -1
0  100.0","         -1         0         1         11        12
0  86.885246  3.278689  4.918033  1.639344  3.278689"
,,"         -1         0        3   ...       10        13         14
0  55.319149  6.382979  2.12766  ...  2.12766  6.382979  21.276596

[1 rows x 8 columns]","          -1         3          4          5
0  68.965517  6.896552  10.344828  13.793103","         -1         0         3         9          13        14
0  78.504673  1.869159  0.934579  0.934579  10.280374  7.476636","         -1         0          3          4         5         6         10
0  43.686869  2.020202  30.808081  22.222222  0.757576  0.252525  0.252525","     13    14
0  50.0  50.0","         -1         0         3   ...        12        13        14
0  62.295082  3.688525  3.688525  ...  5.122951  7.377049  10.45082

[1 rows x 10 columns]","         -1         0         13         14
0  58.095238  0.952381  8.571429  32.380952","         -1         0         3   ...        12         13         14
0  56.842105  3.157895  2.105263  ...  6.315789  13.684211  12.631579

[1 rows x 8 columns]","         -1         0         3         4         7          13        14
0  62.601626  13.00813  4.065041  2.439024  0.813008  16.260163  0.813008","         -1         0         4        10       11         13       14
0  58.510638  3.191489  9.574468  1.06383  1.06383  24.468085  2.12766","         -1         0        1   ...        12        13        14
0  60.040619  1.472455  3.83346  ...  1.320132  1.142422  1.345519

[1 rows x 16 columns]","        -1         0         4   ...        8        13        14
0  87.57764  0.621118  0.621118  ...  1.242236  3.10559  4.347826

[1 rows x 8 columns]","       5
0  100.0","          -1         3
0  92.307692  7.692308","         -1         0         3         5         12        13
0  85.245902  3.278689  3.278689  3.278689  3.278689  1.639344"
,,"         -1         0        3        4   ...       6        10         13        14
0  59.574468  6.382979  2.12766  2.12766  ...  2.12766  2.12766  17.021277  4.255319

[1 rows x 9 columns]","          -1         3         4          5
0  75.862069  6.896552  3.448276  13.793103","         -1         0         3         6         13        14
0  85.981308  1.869159  1.869159  0.934579  3.738318  5.607477","         -1         0          3          4         5         8         10
0  41.666667  2.020202  28.787879  26.767677  0.252525  0.252525  0.252525","     13    14
0  50.0  50.0","         -1         0         3   ...        12        13        14
0  68.647541  3.688525  2.459016  ...  3.893443  8.811475  4.508197

[1 rows x 12 columns]","         -1         0          13        14
0  68.571429  0.952381  22.857143  7.619048","         -1         0         3   ...        12        13        14
0  66.315789  3.157895  2.105263  ...  6.315789  8.421053  9.473684

[1 rows x 8 columns]","         -1         0         3         4         9         14
0  70.731707  13.00813  4.065041  2.439024  0.813008  8.943089","         -1         0        3          4        10       13        14
0  72.340426  3.191489  1.06383  11.702128  1.06383  1.06383  9.574468","         -1         0         1   ...        12        13        14
0  58.669713  1.447068  4.493526  ...  1.167809  1.091648  0.660066

[1 rows x 16 columns]","         -1         0         4   ...        8        13        14
0  89.440994  0.621118  1.242236  ...  0.621118  3.10559  1.863354

[1 rows x 8 columns]","      -1
0  100.0","      -1
0  100.0","         -1         0         3         5         12
0  86.885246  3.278689  3.278689  3.278689  3.278689"
,,"         -1         0        3        5        7          9         10
0  63.829787  6.382979  2.12766  2.12766  2.12766  14.893617  8.510638","          -1         3          4
0  79.310345  6.896552  13.793103","         -1         0         3         5         9          10
0  71.962617  0.934579  1.869159  0.934579  4.672897  19.626168","          -1         0          3          4         7         8
0  49.494949  2.020202  23.232323  24.747475  0.252525  0.252525","     9     10
0  50.0  50.0","         -1         0         3   ...        8         9          10
0  68.442623  3.688525  2.459016  ...  0.204918  9.836066  12.704918

[1 rows x 9 columns]","         -1         0          9        10
0  60.952381  0.952381  28.571429  9.52381","         -1         0         3         4         9          10
0  65.263158  3.157895  1.052632  1.052632  8.421053  21.052632","         -1         0         3         4         7         9          10
0  63.414634  13.00813  4.065041  2.439024  0.813008  1.626016  14.634146","         -1         0        3          4        7        9          10
0  68.085106  3.191489  1.06383  11.702128  1.06383  2.12766  12.765957","         -1         0         1   ...        8         9         10
0  65.549632  1.345519  2.614877  ...  3.935009  1.396293  2.564103

[1 rows x 12 columns]","         -1         0         3   ...        8         9         10
0  85.093168  0.621118  0.621118  ...  0.621118  2.484472  7.453416

[1 rows x 8 columns]","      -1
0  100.0","      -1
0  100.0","         -1         0         3         10
0  90.163934  3.278689  1.639344  4.918033"
,,"          -1        0        2        5         6          7
0  68.085106  2.12766  2.12766  2.12766  8.510638  17.021277","      -1
0  100.0","          -1         0         2         3         6         7
0  75.700935  0.934579  0.934579  1.869159  16.82243  3.738318","          -1          2          3         4         5
0  46.717172  12.626263  40.151515  0.252525  0.252525","      6     7
0  50.0  50.0","          -1        2        3         4         5          6         7
0  73.770492  2.04918  3.07377  0.204918  0.614754  11.680328  8.606557","          -1          6          7
0  66.666667  11.428571  21.904762","          -1         3          6         7
0  67.368421  4.210526  21.052632  7.368421","          -1         2         3         5         6
0  76.422764  7.317073  2.439024  0.813008  13.00813","          -1         2        3         6        7
0  85.106383  3.191489  2.12766  8.510638  1.06383","          -1         0         1  ...         5         6         7
0  80.604214  3.198781  1.599391  ...  4.848946  3.376491  1.142422

[1 rows x 9 columns]","          -1         0         2         4         6         7
0  86.956522  0.621118  0.621118  0.621118  6.832298  4.347826","      -1
0  100.0","      -1
0  100.0","          -1         3         6
0  91.803279  3.278689  4.918033"
,,"          -1        0        2        3
0  93.617021  2.12766  2.12766  2.12766","          -1         1
0  96.551724  3.448276","          -1         0         1         3
0  95.327103  0.934579  2.803738  0.934579","          -1          1         2         3
0  46.212121  53.282828  0.252525  0.252525","      -1
0  100.0","          -1         0         1         2         3
0  92.213115  0.204918  5.532787  0.204918  1.844262","          -1         3
0  99.047619  0.952381","          -1         1         3
0  91.578947  4.210526  4.210526","          -1         1         2         3
0  95.934959  1.626016  1.626016  0.813008","          -1         1        3
0  95.744681  3.191489  1.06383","         -1         0        1         2         3
0  84.03148  5.102818  2.94491  5.915207  2.005585","          -1         0         2        3
0  88.198758  1.242236  7.453416  3.10559","       3
0  100.0","      -1
0  100.0","          -1         1
0  98.360656  1.639344"
,,"         -1         0         1   ...       10         12        13
0  42.553191  6.382979  6.382979  ...  2.12766  21.276596  8.510638

[1 rows x 10 columns]","          -1          3         4          6
0  68.965517  10.344828  6.896552  13.793103","         -1         0         1         4         12        13
0  71.962617  0.934579  2.803738  1.869159  5.607477  16.82243","         -1         0         1   ...        6         10        11
0  42.171717  0.757576  2.020202  ...  0.505051  0.252525  0.252525

[1 rows x 8 columns]","     12    13
0  50.0  50.0","         -1         0         1   ...        11        12        13
0  62.909836  2.868852  3.688525  ...  0.204918  8.606557  7.377049

[1 rows x 13 columns]","    -1         1         4         12        13
0  60.0  1.904762  0.952381  29.52381  7.619048","    -1         1         3         4         6         9         12         13
0  60.0  3.157895  1.052632  3.157895  3.157895  7.368421  8.421053  13.684211","        -1         0         1   ...        6         9          13
0  60.97561  1.626016  13.00813  ...  0.813008  0.813008  16.260163

[1 rows x 8 columns]","         -1          0         1   ...       10       12         13
0  40.425532  22.340426  3.191489  ...  1.06383  2.12766  18.085106

[1 rows x 8 columns]","         -1        0         1   ...        11        12        13
0  69.154608  0.35542  1.497842  ...  3.274943  1.117035  1.447068

[1 rows x 15 columns]","         -1         0         1   ...        11        12        13
0  86.956522  0.621118  0.621118  ...  0.621118  2.484472  4.347826

[1 rows x 11 columns]","       6
0  100.0","      -1
0  100.0","         -1         0         1         4         9         13
0  83.606557  3.278689  3.278689  3.278689  4.918033  1.639344"
,,"         -1         0         1   ...         11        12       14
0  57.446809  6.382979  6.382979  ...  12.765957  8.510638  2.12766

[1 rows x 9 columns]","          -1          3         4
0  82.758621  10.344828  6.896552","         -1         0         1         4         8         11         12
0  75.700935  0.934579  2.803738  0.934579  0.934579  5.607477  13.084112","        -1         0         1          3          4         13        14
0  44.69697  0.757576  1.515152  20.959596  31.565657  0.252525  0.252525","     11    12
0  50.0  50.0","         -1         0        1        3   ...       11        12        13        14
0  65.163934  2.868852  3.07377  2.04918  ...  9.42623  6.967213  0.204918  0.204918

[1 rows x 12 columns]","         -1         1         6          11       12
0  63.809524  0.952381  0.952381  24.761905  9.52381","         -1         1         3         4         6         11         12
0  64.210526  2.105263  1.052632  3.157895  6.315789  8.421053  14.736842","        -1         0         1   ...        10        11        12
0  65.04065  1.626016  13.00813  ...  0.813008  0.813008  13.00813

[1 rows x 9 columns]","         -1          0         1   ...       7        11         12
0  41.489362  22.340426  3.191489  ...  1.06383  2.12766  19.148936

[1 rows x 8 columns]","         -1        0         1   ...        12        13        14
0  65.828891  0.35542  1.243971  ...  1.269358  3.173394  3.071846

[1 rows x 16 columns]","         -1         0         3   ...        11        12        13
0  86.335404  0.621118  1.242236  ...  1.863354  4.968944  0.621118

[1 rows x 9 columns]","      -1
0  100.0","      -1
0  100.0","         -1         0         4         6         12
0  86.885246  3.278689  3.278689  4.918033  1.639344"
,,"         -1         0         1        3   ...       7        10         12       13
0  61.702128  6.382979  6.382979  2.12766  ...  2.12766  2.12766  14.893617  2.12766

[1 rows x 9 columns]","          -1         3         4
0  86.206897  6.896552  6.896552","         -1         0         1         4         12         13
0  75.700935  0.934579  1.869159  4.672897  2.803738  14.018692","         -1         0         1          3          4         10        11
0  45.959596  0.757576  1.767677  21.464646  29.545455  0.252525  0.252525","     12    13
0  50.0  50.0","         -1         0         1   ...        10        12        13
0  69.467213  2.868852  2.663934  ...  0.204918  9.016393  6.967213

[1 rows x 9 columns]","         -1         1         12        13
0  60.952381  0.952381  29.52381  8.571429","         -1         1         3         4         9         12         13
0  64.210526  2.105263  1.052632  3.157895  5.263158  6.315789  17.894737","         -1         0          1         3         4         9          13
0  63.414634  1.626016  11.382114  1.626016  3.252033  1.626016  17.073171","         -1          0         1   ...       8        12         13
0  40.425532  22.340426  3.191489  ...  1.06383  1.06383  19.148936

[1 rows x 9 columns]","         -1        0         1   ...        11        12        13
0  69.306931  0.35542  0.761615  ...  2.817974  1.193196  1.269358

[1 rows x 15 columns]","         -1         0         3   ...        11       12        13
0  86.335404  0.621118  0.621118  ...  0.621118  3.10559  5.590062

[1 rows x 9 columns]","      -1
0  100.0","      -1
0  100.0","         -1         0         4         9         13
0  81.967213  3.278689  8.196721  4.918033  1.639344"
,,"         -1         0        2        3   ...       5          8        9        10
0  63.829787  6.382979  2.12766  2.12766  ...  2.12766  14.893617  2.12766  2.12766

[1 rows x 9 columns]","          -1         2          3          4
0  68.965517  6.896552  13.793103  10.344828","          -1         0         2         8          9
0  81.308411  0.934579  2.803738  2.803738  12.149533","         -1         0          2          3         4         10
0  41.414141  0.757576  32.828283  24.242424  0.505051  0.252525","      8     9
0  50.0  50.0","         -1         0        2   ...        9         10        11
0  65.368852  2.868852  3.07377  ...  7.581967  0.204918  0.409836

[1 rows x 11 columns]","          -1          8         9
0  68.571429  23.809524  7.619048","          -1         2         3         4         7         8          9
0  62.105263  3.157895  1.052632  4.210526  6.315789  8.421053  14.736842","          -1         0         2         3         8          9
0  78.861789  1.626016  3.252033  1.626016  0.813008  13.821138","          -1          0        2         3        8          9
0  44.680851  22.340426  1.06383  8.510638  2.12766  21.276596","         -1        0         1   ...        9        10        11
0  74.257426  0.35542  2.030972  ...  1.345519  4.01117  3.274943

[1 rows x 13 columns]","         -1         0         2   ...        9         10        11
0  83.850932  0.621118  0.621118  ...  4.347826  2.484472  0.621118

[1 rows x 11 columns]","       4
0  100.0","      -1
0  100.0","          -1         0         2         4         7         9
0  83.606557  3.278689  4.918033  3.278689  3.278689  1.639344"
,,"          -1        0        2         4         5
0  85.106383  2.12766  2.12766  6.382979  4.255319","          -1         0          1         4
0  72.413793  6.896552  17.241379  3.448276","          -1         0         2         4          5
0  79.439252  1.869159  0.934579  6.542056  11.214953","          -1          0          1         3
0  53.030303  24.747475  21.969697  0.252525","      4     5
0  50.0  50.0","          -1         0         1  ...         4         5        6
0  73.770492  2.663934  1.434426  ...  9.631148  7.786885  3.07377

[1 rows x 8 columns]","          -1          4         5
0  67.619048  21.904762  10.47619","          -1         0         1         4          5         6
0  69.473684  1.052632  2.105263  8.421053  13.684211  5.263158","          -1         0         1         3         4          5
0  73.170732  4.065041  1.626016  0.813008  5.691057  14.634146","          -1        0         1        3         4          5
0  67.021277  1.06383  7.446809  2.12766  4.255319  18.085106","          -1         0        1  ...         4         5         6
0  74.333587  2.030972  0.88855  ...  1.396293  1.548616  1.320132

[1 rows x 8 columns]","          -1         0         1         2         3         4         5
0  78.881988  1.242236  1.863354  1.242236  8.074534  4.347826  4.347826","      -1
0  100.0","      -1
0  100.0","          -1         0         5         6
0  91.803279  1.639344  3.278689  3.278689"
,,"          -1        0          1        2         3
0  80.851064  2.12766  10.638298  2.12766  4.255319","          -1          1
0  65.517241  34.482759","          -1          1
0  85.046729  14.953271","          -1     1         3
0  23.989899  75.0  1.010101","      -1
0  100.0","          -1          1         2         3
0  78.893443  16.598361  1.844262  2.663934","          -1         1
0  96.190476  3.809524","          -1          1         2
0  81.052632  13.684211  5.263158","          -1         1         2         3
0  74.796748  21.95122  2.439024  0.813008","          -1          1        2         3
0  80.851064  14.893617  1.06383  3.191489","          -1        0         1        2          3
0  74.587459  2.41178  8.606245  0.88855  13.505966","          -1         0         1         2         3
0  74.534161  0.621118  9.937888  2.484472  12.42236","       1
0  100.0","      -1
0  100.0","          -1         1         2
0  83.606557  11.47541  4.918033"
,,"         -1         0         1        3        7        8          10
0  63.829787  6.382979  4.255319  2.12766  2.12766  2.12766  19.148936","          -1         3         4
0  89.655172  6.896552  3.448276","         -1         0         1         3         7         10        11
0  85.046729  0.934579  0.934579  2.803738  0.934579  2.803738  6.542056","          -1         0         1          3          4         8         9
0  45.707071  0.757576  0.505051  31.818182  20.707071  0.252525  0.252525","     10    11
0  50.0  50.0","         -1         0        1   ...        9         10        11
0  75.409836  2.868852  2.04918  ...  0.409836  8.606557  4.098361

[1 rows x 11 columns]","         -1         1          10        11
0  72.380952  0.952381  21.904762  4.761905","         -1         1         3         4         10         11
0  77.894737  2.105263  2.105263  1.052632  6.315789  10.526316","         -1         0          1         3         4         8          11
0  67.479675  1.626016  10.569106  4.065041  1.626016  0.813008  13.821138","         -1          0         1   ...       8        10         11
0  41.489362  22.340426  3.191489  ...  1.06383  2.12766  18.085106

[1 rows x 8 columns]","         -1        0         1   ...        9         10        11
0  68.139122  0.35542  0.660066  ...  5.737497  0.863163  0.583905

[1 rows x 13 columns]","         -1         0         3   ...        9         10        11
0  88.819876  0.621118  1.242236  ...  0.621118  1.863354  2.484472

[1 rows x 9 columns]","      -1
0  100.0","      -1
0  100.0","          -1         0         3
0  90.163934  3.278689  6.557377"
,,"         -1         0         1        4        5          11        12
0  57.446809  6.382979  4.255319  2.12766  2.12766  19.148936  8.510638","          -1          3         4
0  82.758621  10.344828  6.896552","         -1         0         1         4         11         12
0  80.373832  0.934579  0.934579  2.803738  2.803738  12.149533","         -1         0         1          3          4         9         10
0  54.040404  0.757576  1.010101  14.646465  29.040404  0.252525  0.252525","     11    12
0  50.0  50.0","         -1         0         1   ...        10        11        12
0  69.467213  2.868852  2.254098  ...  0.204918  8.196721  6.762295

[1 rows x 12 columns]","         -1         1          11       12
0  62.857143  0.952381  26.666667  9.52381","         -1         1         4         8         11         12
0  69.473684  2.105263  1.052632  6.315789  7.368421  13.684211","         -1         0         1         4         8         11         12
0  69.105691  1.626016  8.130081  4.065041  0.813008  0.813008  15.447154","         -1          0        1         3        4        11         12
0  45.744681  22.340426  2.12766  7.446809  1.06383  2.12766  19.148936","         -1        0         1   ...        10        11        12
0  70.525514  0.35542  0.685453  ...  3.376491  0.939325  1.142422

[1 rows x 14 columns]","         -1         0         3   ...        9         11        12
0  90.062112  0.621118  0.621118  ...  0.621118  2.484472  1.863354

[1 rows x 8 columns]","      -1
0  100.0","      -1
0  100.0","         -1         0         4         8         12
0  86.885246  3.278689  6.557377  1.639344  1.639344"
,,"         -1         0        4        5        8        9          10
0  70.212766  6.382979  2.12766  2.12766  2.12766  2.12766  14.893617","          -1         3         4
0  89.655172  3.448276  6.896552","         -1         0         4         5         9         10
0  85.981308  0.934579  1.869159  0.934579  7.476636  2.803738","          -1         0          3          4         7         8
0  47.474747  0.757576  20.707071  30.555556  0.252525  0.252525","     9     10
0  50.0  50.0","         -1         0         2   ...        8         9         10
0  77.459016  2.868852  0.409836  ...  0.204918  5.737705  7.581967

[1 rows x 10 columns]","         -1         9          10
0  73.333333  7.619048  19.047619","         -1         3         4         9         10
0  81.052632  1.052632  3.157895  9.473684  5.263158","          -1         0         3         4          9
0  78.861789  1.626016  1.626016  4.065041  13.821138","        -1          0         3        4          9        10
0  48.93617  22.340426  6.382979  1.06383  19.148936  2.12766","         -1        0         1   ...        8         9         10
0  72.810358  0.35542  2.005585  ...  3.731912  0.837776  0.964712

[1 rows x 12 columns]","         -1         0         3   ...        7        9         10
0  90.062112  0.621118  1.242236  ...  0.621118  3.10559  0.621118

[1 rows x 8 columns]","      -1
0  100.0","      -1
0  100.0","          -1         0         4
0  91.803279  3.278689  4.918033"
,,"          -1        3         6          7
0  82.978723  2.12766  4.255319  10.638298","          -1         0         1
0  86.206897  6.896552  6.896552","         -1         1         3         6          7
0  83.17757  1.869159  0.934579  3.738318  10.280374","          -1          0          1         4         5
0  55.808081  18.939394  24.747475  0.252525  0.252525","      6     7
0  50.0  50.0","          -1        0         1  ...         5         6         7
0  83.196721  1.02459  2.663934  ...  0.409836  4.508197  7.377049

[1 rows x 9 columns]","          -1         6          7
0  71.428571  4.761905  23.809524","          -1         0         1         6          7
0  77.894737  1.052632  2.105263  8.421053  10.526316","          -1         1         5          6
0  82.113821  2.439024  0.813008  14.634146","          -1         0        1        5          6        7
0  73.404255  5.319149  1.06383  1.06383  17.021277  2.12766","         -1         0         1  ...         5         6         7
0  77.60853  0.634679  2.310231  ...  4.569688  0.609292  1.091648

[1 rows x 9 columns]","          -1         0         1  ...         5         6         7
0  88.198758  0.621118  1.242236  ...  3.726708  1.242236  3.726708

[1 rows x 8 columns]","      -1
0  100.0","      -1
0  100.0","          -1         1         6
0  95.081967  3.278689  1.639344"
,,"          -1        1        3          7
0  74.468085  2.12766  2.12766  21.276596","          -1         2         3
0  89.655172  6.896552  3.448276","          -1         1         3         6         7
0  86.915888  0.934579  0.934579  4.672897  6.542056","          -1          2          3         4
0  65.909091  16.161616  17.676768  0.252525","     -1     7
0  50.0  50.0","          -1        0         1  ...         4         6         7
0  82.172131  1.02459  0.204918  ...  0.204918  5.942623  6.762295

[1 rows x 8 columns]","          -1         6          7
0  73.333333  4.761905  21.904762","          -1         2         6         7
0  85.263158  1.052632  8.421053  5.263158","          -1         2         3          6
0  82.113821  3.252033  2.439024  12.195122","          -1         2        3          6         7
0  75.531915  5.319149  1.06383  14.893617  3.191489","          -1         0         1  ...         5         6         7
0  79.588728  5.178979  6.270627  ...  1.777101  1.091648  1.091648

[1 rows x 9 columns]","         -1         1         2  ...         5         6         7
0  90.68323  1.242236  0.621118  ...  0.621118  2.484472  2.484472

[1 rows x 8 columns]","      -1
0  100.0","      -1
0  100.0","          -1         3         6
0  93.442623  3.278689  3.278689"
,,"          -1        0         1         2
0  87.234043  2.12766  6.382979  4.255319","          -1          2
0  75.862069  24.137931","          -1         1          2
0  88.785047  0.934579  10.280374","          -1         1          2
0  31.565657  1.010101  67.424242","      -1
0  100.0","          -1         0         1         2
0  84.836066  0.204918  3.483607  11.47541","          -1         1         2
0  93.333333  2.857143  3.809524","          -1         1         2
0  90.526316  2.105263  7.368421","          -1         1          2
0  81.300813  4.878049  13.821138","          -1         1          2
0  84.042553  3.191489  12.765957","          -1         0          1         2
0  75.882204  2.208682  15.816197  6.092917","          -1          1        2
0  75.776398  14.906832  9.31677","      -1
0  100.0","          -1         2
0  92.307692  7.692308","          -1         1         2
0  83.606557  4.918033  11.47541"
,,"          -1         0         1        2        3        6          8        9
0  61.702128  6.382979  6.382979  2.12766  2.12766  2.12766  17.021277  2.12766","          -1         2          3
0  82.758621  6.896552  10.344828","          -1         0         1         3         8         9
0  73.831776  0.934579  2.803738  0.934579  15.88785  5.607477","          -1         0         1         2          3
0  50.505051  0.757576  2.272727  8.333333  38.131313","      8     9
0  50.0  50.0","         -1         0         1   ...        9         10        11
0  69.467213  2.868852  3.893443  ...  4.918033  0.409836  0.204918

[1 rows x 12 columns]","          -1         1          8         9
0  65.714286  0.952381  28.571429  4.761905","          -1         1         3         5          8          9
0  70.526316  2.105263  1.052632  4.210526  10.526316  11.578947","          -1         0          1         2         3         5          9
0  66.666667  1.626016  12.195122  0.813008  4.065041  0.813008  13.821138","         -1          0         1   ...       8          9        11
0  46.808511  22.340426  3.191489  ...  1.06383  17.021277  1.06383

[1 rows x 8 columns]","         -1        0         1   ...        9         10        11
0  74.028941  0.35542  1.497842  ...  0.761615  3.274943  4.112719

[1 rows x 13 columns]","         -1         0         1         3        8         9         10
0  90.062112  0.621118  0.621118  2.484472  3.10559  2.484472  0.621118","      -1
0  100.0","      -1
0  100.0","          -1         0         1         3
0  86.885246  3.278689  3.278689  6.557377"
,,"         -1         0        1        5        9          10
0  70.212766  6.382979  2.12766  2.12766  2.12766  17.021277","         -1         1         2         10
0  86.206897  6.896552  3.448276  3.448276","         -1         0         1         9          10
0  76.635514  0.934579  0.934579  7.476636  14.018692","          -1         0          1          2         7         8
0  62.878788  0.757576  24.242424  11.616162  0.252525  0.252525","     9     10
0  50.0  50.0","         -1         0         1   ...        8         9         10
0  74.385246  2.868852  2.868852  ...  0.204918  5.532787  9.631148

[1 rows x 11 columns]","         -1         9          10
0  67.619048  6.666667  25.714286","         -1         2         4         9         10
0  77.894737  1.052632  4.210526  8.421053  8.421053","         -1         0         1         2         4          9
0  78.04878  1.626016  4.065041  1.626016  0.813008  13.821138","        -1          0        1         2          9        10
0  48.93617  22.340426  1.06383  6.382979  19.148936  2.12766","         -1        0         1   ...        8         9         10
0  76.669205  0.35542  2.462554  ...  2.640264  0.964712  1.370906

[1 rows x 12 columns]","         -1         0        1   ...        8         9         10
0  88.198758  0.621118  3.10559  ...  0.621118  2.484472  2.484472

[1 rows x 8 columns]","      -1
0  100.0","      -1
0  100.0","          -1         0         1         4         9
0  85.245902  3.278689  6.557377  3.278689  1.639344"
,,"          -1         0        1         2        4        5        8          9
0  61.702128  6.382979  2.12766  8.510638  2.12766  2.12766  2.12766  14.893617","          -1          2
0  62.068966  37.931034","         -1         0         1         2         9         10
0  76.635514  0.934579  1.869159  7.476636  8.411215  4.672897","          -1         0         1          2         7         8
0  11.363636  0.757576  1.767677  85.606061  0.252525  0.252525","     9     10
0  50.0  50.0","         -1         0         1   ...        8         9         10
0  59.016393  2.868852  3.278689  ...  0.409836  9.221311  5.737705

[1 rows x 11 columns]","         -1         1         2         4          9         10
0  63.809524  0.952381  1.904762  0.952381  25.714286  6.666667","         -1         1         2         4         9         10
0  72.631579  2.105263  6.315789  4.210526  6.315789  8.421053","         -1         0         1          2         4         10
0  67.479675  1.626016  4.065041  12.195122  1.626016  13.00813","         -1          0        1          2        9          10
0  40.425532  22.340426  1.06383  15.957447  2.12766  18.085106","         -1        0         1   ...        8         9         10
0  66.895151  0.35542  1.117035  ...  4.925108  1.218583  0.913938

[1 rows x 12 columns]","         -1         0         1   ...        8        9         10
0  85.093168  0.621118  0.621118  ...  0.621118  3.10559  1.863354

[1 rows x 10 columns]","      -1
0  100.0","         -1          2
0  7.692308  92.307692","        -1         0          2         4         10
0  65.57377  3.278689  27.868852  1.639344  1.639344"
,,"          -1        1        2        3        5         6
0  85.106383  2.12766  2.12766  2.12766  2.12766  6.382979","          -1          0         1
0  79.310345  13.793103  6.896552","          -1         1         6         7
0  92.523364  0.934579  2.803738  3.738318","          -1          0         1         5
0  52.777778  17.171717  29.79798  0.252525","      -1
0  100.0","          -1         0        1  ...         5         6         7
0  80.122951  1.434426  3.07377  ...  0.204918  6.352459  3.483607

[1 rows x 9 columns]","          -1         2          6         7
0  78.095238  0.952381  15.238095  5.714286","          -1         1         2         6         7
0  78.947368  1.052632  7.368421  6.315789  6.315789","          -1         0         1          7
0  82.113821  1.626016  4.065041  12.195122","          -1         0        1        2        6          7
0  73.404255  6.382979  1.06383  2.12766  2.12766  14.893617","          -1         0         1  ...         5         6         7
0  80.299568  0.660066  2.716425  ...  3.808073  0.863163  0.583905

[1 rows x 9 columns]","          -1         0         1  ...         5         6         7
0  85.714286  0.621118  2.484472  ...  1.242236  2.484472  1.863354

[1 rows x 9 columns]","      -1
0  100.0","      -1
0  100.0","          -1         1         2
0  90.163934  6.557377  3.278689"
,,"          -1        0         1          2         3        5
0  68.085106  2.12766  8.510638  14.893617  4.255319  2.12766","          -1          1
0  62.068966  37.931034","          -1         1         2          3
0  74.766355  4.672897  9.345794  11.214953","          -1          1         5
0  21.464646  78.282828  0.252525","      2     3
0  50.0  50.0","          -1         0         1         2         3         4         5
0  74.795082  0.204918  8.811475  8.401639  6.967213  0.409836  0.409836","          -1         1          2         3
0  73.333333  0.952381  20.952381  4.761905","          -1         1         2          3
0  76.842105  4.210526  8.421053  10.526316","          -1         1          3
0  75.609756  8.943089  15.447154","          -1          1        2          3
0  65.957447  14.893617  2.12766  17.021277","          -1         0         1         2        3         4         5
0  79.639502  5.280528  6.169078  1.243971  1.06626  2.284844  4.315816","          -1         0         1         2         3         4         5
0  86.335404  0.621118  4.968944  1.863354  3.726708  1.242236  1.242236","      -1
0  100.0","          -1         1
0  92.307692  7.692308","          -1          1         3
0  78.688525  18.032787  3.278689"
200.0,1.0,"          -1        0         1        2        3
0  89.361702  2.12766  4.255319  2.12766  2.12766","          -1          2         3
0  82.758621  13.793103  3.448276","          -1         1         2         3
0  90.654206  6.542056  1.869159  0.934579","          -1          2         3
0  25.505051  72.474747  2.020202","      -1
0  100.0","          -1         0         1         2         3
0  81.147541  0.204918  4.918033  9.221311  4.508197","          -1         1         2
0  93.333333  5.714286  0.952381","          -1         1         2         3
0  88.421053  6.315789  2.105263  3.157895","         -1          1         2         3
0  73.98374  15.447154  8.130081  2.439024","          -1         1          2        3
0  77.659574  6.382979  13.829787  2.12766","          -1         0         1         2          3
0  72.201066  2.132521  1.980198  5.965981  17.720234","          -1         1         2          3
0  75.776398  7.453416  3.726708  13.043478","      -1
0  100.0","          -1         2
0  92.307692  7.692308","          -1         1          2         3
0  78.688525  3.278689  13.114754  4.918033"
